doc_id,filename,title,author,uploaded_at,source_type,language
doc001,terms_and_conditions_v1.pdf,Terms & Conditions,Legal Team,2025-11-01,policy,en
doc002,product_spec_2024.pdf,Product Spec Q4,PM Team,2025-10-15,doc,en
doc003,customer_feedback_oct.pdf,Customer Feedback Oct,Analytics,2025-10-31,report,en
doc004,meeting_minutes_2025-11-01.pdf,Board Meeting Minutes,CEO,2025-11-01,notes,en
doc005,privacy_policy_v2.docx,Privacy Policy,Legal Team,2024-07-22,policy,en
doc006,whitepaper_ai.pdf,AI Whitepaper,Research,2025-09-10,whitepaper,en
doc007,safety_guidelines.pdf,Safety Guidelines,Ops,2023-05-12,manual,en
doc008,financials_q3.pdf,Financials Q3,Finance,2025-08-01,report,en
doc009,user_guide_v1.pdf,User Guide v1,Support,2024-12-05,manual,en
doc010,partner_agreement.pdf,Partner Agreement,Legal Team,2023-11-02,contract,en